{
  "T_delta": [
    [
      0.9979222165019975,
      0.044824304536545824,
      0.046282086540640956,
      -0.006137557228483841
    ],
    [
      -0.05848933056030515,
      0.9315222773411537,
      0.35895019853422283,
      0.04247378093959154
    ],
    [
      -0.027023101641886614,
      -0.3609113859937999,
      0.9322085192904463,
      0.014829008059905792
    ],
    [
      0.0,
      0.0,
      0.0,
      1.0
    ]
  ],
  "method": "rgbd-pnp",
  "fitness": 0.30357142857142855,
  "rmse_m": 0.00479533577567958,
  "feature_matches": 56,
  "feature_inliers": 17,
  "reprojection_rmse_px": 0.9686720399119527,
  "rgbd_rmse_m": 0.00479533577567958,
  "rgbd_median_m": 0.0027349368952936334,
  "gravity_cam_new": [
    0.02909486521116391,
    0.9838607835147622,
    0.17655437378219138
  ],
  "work_space_new": {
    "x": [
      0.1694181100546145,
      1.2935848224599107
    ],
    "y": [
      -0.9439656183651951,
      0.8982648167736453
    ],
    "z": [
      -0.4942278422383917,
      0.0557721577616083
    ]
  },
  "source": {
    "root": "hinyeun_glue_0714_lerobot_rgbd",
    "episode": 0,
    "tick": 0,
    "new_cloud": "new_cloud_ep0.npz"
  }
}
